region,towerdom,inhibdom,barondom,dragdom,heralddom
NALCS,0.9779874213836478,0.9575471698113207,0.8176100628930818,0.7672955974842768,0.5463836477987422
EULCS,0.9699727024567789,0.9581437670609645,0.8480436760691538,0.7634212920837125,0.543221110100091
CBLoL,0.9534883720930233,0.9302325581395349,0.760797342192691,0.7740863787375415,0.5980066445182725
LCK,0.9743944636678201,0.9584775086505191,0.8442906574394463,0.784083044982699,0.5480968858131487
