region,wtowers,ltowers,winhibs,linhibs,wbarons,lbarons,wdrags,ldrags,wheralds,lheralds
NALCS,74.04612930928721,25.953870690712797,91.76636171710064,8.233638282899367,81.34490238611714,18.655097613882862,69.24348904505995,30.756510954940058,65.23125996810208,34.76874003189793
EULCS,73.86484005366853,26.135159946331473,92.03074433656958,7.96925566343042,82.32445520581113,17.675544794188863,69.1734921816828,30.8265078183172,62.33974358974359,37.66025641025641
CBLoL,73.64164771291382,26.358352287086177,87.85276073619632,12.14723926380368,77.07006369426752,22.929936305732483,68.09024979854955,31.909750201450443,65.38461538461539,34.61538461538461
LCK,77.32067510548524,22.679324894514767,92.1122599704579,7.887740029542098,81.93258426966293,18.06741573033708,70.60156931124673,29.39843068875327,66.28787878787878,33.71212121212121
